Workbook

Sheet Tabel Input
A1: Nama Karyawan | B1: Penjualan | C1: Area Penempatan | D1: Area Penempatan Sekarang | E1: Komisi
A2: Ruben Ardi | B2: 15000000 | C2: {=_xlfn.XLOOKUP(A2,'Tabel Referensi'!$D$2:D16,'Tabel Referensi'!$B$2:$B$16)} -> Jakarta | D2: =_xlfn.XLOOKUP('Tabel Input'!A2,'Tabel Referensi'!$D$2:$D$16,'Tabel Referensi'!$B$2:$B$16,,,-1) -> Palembang | E2: =_xlfn.XLOOKUP('Tabel Input'!B2,'Tabel Referensi'!$G$2:$G$6,'Tabel Referensi'!$F$2:$F$6,,-1) -> 0.002
A3: Disti Liana | B3: 13500000 | C3: =_xlfn.XLOOKUP(A3,'Tabel Referensi'!$D$2:$D$16,'Tabel Referensi'!$B$2:$B$16) -> Bekasi | D3: =_xlfn.XLOOKUP('Tabel Input'!A3,'Tabel Referensi'!$D$2:$D$16,'Tabel Referensi'!$B$2:$B$16,,,-1) -> Bekasi | E3: =_xlfn.XLOOKUP('Tabel Input'!B3,'Tabel Referensi'!$G$2:$G$6,'Tabel Referensi'!$F$2:$F$6,,-1) -> 0.002
A4: Juned Abdullah | B4: 25000000 | C4: =_xlfn.XLOOKUP(A4,'Tabel Referensi'!$D$2:$D$16,'Tabel Referensi'!$B$2:$B$16) -> Karawang | D4: =_xlfn.XLOOKUP('Tabel Input'!A4,'Tabel Referensi'!$D$2:$D$16,'Tabel Referensi'!$B$2:$B$16,,,-1) -> Jakarta | E4: =_xlfn.XLOOKUP('Tabel Input'!B4,'Tabel Referensi'!$G$2:$G$6,'Tabel Referensi'!$F$2:$F$6,,-1) -> 0.003
A5: Aryanne Marina | B5: 39000000 | C5: =_xlfn.XLOOKUP(A5,'Tabel Referensi'!$D$2:$D$16,'Tabel Referensi'!$B$2:$B$16) -> Sorong | D5: =_xlfn.XLOOKUP('Tabel Input'!A5,'Tabel Referensi'!$D$2:$D$16,'Tabel Referensi'!$B$2:$B$16,,,-1) -> Sorong | E5: =_xlfn.XLOOKUP('Tabel Input'!B5,'Tabel Referensi'!$G$2:$G$6,'Tabel Referensi'!$F$2:$F$6,,-1) -> 0.004
A6: Mega Sarita | B6: 34000000 | C6: =_xlfn.XLOOKUP(A6,'Tabel Referensi'!$D$2:$D$16,'Tabel Referensi'!$B$2:$B$16) -> Makassar | D6: =_xlfn.XLOOKUP('Tabel Input'!A6,'Tabel Referensi'!$D$2:$D$16,'Tabel Referensi'!$B$2:$B$16,,,-1) -> Makassar | E6: =_xlfn.XLOOKUP('Tabel Input'!B6,'Tabel Referensi'!$G$2:$G$6,'Tabel Referensi'!$F$2:$F$6,,-1) -> 0.004
A7: Tono Marwan | B7: 9500000 | C7: =_xlfn.XLOOKUP(A7,'Tabel Referensi'!$D$2:$D$16,'Tabel Referensi'!$B$2:$B$16) -> Ternate | D7: =_xlfn.XLOOKUP('Tabel Input'!A7,'Tabel Referensi'!$D$2:$D$16,'Tabel Referensi'!$B$2:$B$16,,,-1) -> Ternate | E7: =_xlfn.XLOOKUP('Tabel Input'!B7,'Tabel Referensi'!$G$2:$G$6,'Tabel Referensi'!$F$2:$F$6,,-1) -> 0.001
A8: Shanty Salim | B8: 11200000 | C8: =_xlfn.XLOOKUP(A8,'Tabel Referensi'!$D$2:$D$16,'Tabel Referensi'!$B$2:$B$16) -> Lampung | D8: =_xlfn.XLOOKUP('Tabel Input'!A8,'Tabel Referensi'!$D$2:$D$16,'Tabel Referensi'!$B$2:$B$16,,,-1) -> Padang | E8: =_xlfn.XLOOKUP('Tabel Input'!B8,'Tabel Referensi'!$G$2:$G$6,'Tabel Referensi'!$F$2:$F$6,,-1) -> 0.002
A9: Merry Agustinus | B9: 3900000 | C9: =_xlfn.XLOOKUP(A9,'Tabel Referensi'!$D$2:$D$16,'Tabel Referensi'!$B$2:$B$16) -> Jakarta | D9: =_xlfn.XLOOKUP('Tabel Input'!A9,'Tabel Referensi'!$D$2:$D$16,'Tabel Referensi'!$B$2:$B$16,,,-1) -> Medan | E9: =_xlfn.XLOOKUP('Tabel Input'!B9,'Tabel Referensi'!$G$2:$G$6,'Tabel Referensi'!$F$2:$F$6,,-1) -> 0.001
A10: Dwi Prayogo | B10: 23000000 | C10: =_xlfn.XLOOKUP(A10,'Tabel Referensi'!$D$2:$D$16,'Tabel Referensi'!$B$2:$B$16) -> Yogyakarta | D10: =_xlfn.XLOOKUP('Tabel Input'!A10,'Tabel Referensi'!$D$2:$D$16,'Tabel Referensi'!$B$2:$B$16,,,-1) -> Yogyakarta | E10: =_xlfn.XLOOKUP('Tabel Input'!B10,'Tabel Referensi'!$G$2:$G$6,'Tabel Referensi'!$F$2:$F$6,,-1) -> 0.003
A11: Jennifer Ria | B11: 27000000 | C11: =_xlfn.XLOOKUP(A11,'Tabel Referensi'!$D$2:$D$16,'Tabel Referensi'!$B$2:$B$16) -> Bandung | D11: =_xlfn.XLOOKUP('Tabel Input'!A11,'Tabel Referensi'!$D$2:$D$16,'Tabel Referensi'!$B$2:$B$16,,,-1) -> Bandung | E11: =_xlfn.XLOOKUP('Tabel Input'!B11,'Tabel Referensi'!$G$2:$G$6,'Tabel Referensi'!$F$2:$F$6,,-1) -> 0.003

Sheet Tabel Referensi
A1: Tahun Mutasi | B1: Penempatan | C1: Jenis Kelamin | D1: Nama Karyawan | F1: Besar Komisi | G1: Penjualan
A2: 2020 | B2: Jakarta | C2: L | D2: Ruben Ardi | F2: 0.001 | G2: 500000
A3: 2020 | B3: Bekasi | C3: P | D3: Disti Liana | F3: 0.002 | G3: 10000000
A4: 2020 | B4: Karawang | C4: L | D4: Juned Abdullah | F4: 0.003 | G4: 20000000
A5: 2020 | B5: Lampung | C5: P | D5: Shanty Salim | F5: 0.004 | G5: 30000000
A6: 2020 | B6: Jakarta | C6: P | D6: Merry Agustinus | F6: 0.005 | G6: 40000000
A7: 2020 | B7: Yogyakarta | C7: L | D7: Dwi Prayogo
A8: 2020 | B8: Bandung | C8: P | D8: Jennifer Ria
A9: 2020 | B9: Sorong | C9: P | D9: Aryanne Marina
A10: 2020 | B10: Makassar | C10: P | D10: Mega Sarita
A11: 2020 | B11: Ternate | C11: L | D11: Tono Marwan
A12: 2021 | B12: Bali | C12: P | D12: Merry Agustinus
A13: 2021 | B13: Jakarta | C13: L | D13: Juned Abdullah
A14: 2021 | B14: Palembang | C14: L | D14: Ruben Ardi
A15: 2022 | B15: Medan | C15: P | D15: Merry Agustinus
A16: 2022 | B16: Padang | C16: P | D16: Shanty Salim
